aircraft_type,AvgWeightUtilization,AvgFuelEfficiency
A350F,3.30748538311832,450.450565360443
B777-300ER,3.15113497269483,452.693292348663
B777F,3.13136508872821,448.761167980376
A330-300,3.09993355043629,446.955933529673
B747-8F,2.94849849683051,446.86078229108
