customer_segment,TotalRevenue,TotalShipments
Pharma Company,83805964.4163437,17903
Direct Shipper,59232480.2193521,16937
Perishables Exporter,58432939.5763975,16413
Freight Forwarder,56381570.3158602,16264
Government,52989499.4516614,15333
E-commerce Platform,30654643.8252837,17150
