weather_condition,AvgDailyRevenue,AvgEquipmentUtilPercent
Clear,872043.620049505,53.0111546526746
Fog,866193.385416667,54.6575034658114
Storm,851685.189858491,47.1098256543419
Rain,850930.817154255,49.337129437543
